{
    "pearson_correlation": -0.010146945740105932,
    "p_value": 0.9355523452245306,
    "tp": 29,
    "fp": 36,
    "tn": 0,
    "fn": 1,
    "accuracy": 0.4393939393939394,
    "precision": 0.4461538461538462,
    "recall": 0.9666666666666667,
    "f1": 0.6105263157894737
}